{"documents":[{"address_name":"서울 강남구 역삼동 718-5","category_group_code":"","category_group_name":"","category_name":"교육,학문 \u003e 교육단체","distance":"","id":"21414107","phone":"1544-9001","place_name":"멀티캠퍼스 역삼","place_url":"http://place.map.kakao.com/21414107","road_address_name":"서울 강남구 테헤란로 212","x":"127.039604663862","y":"37.5012860931305"},{"address_name":"서울 강남구 대치동 889-41","category_group_code":"","category_group_name":"","category_name":"교육,학문 \u003e 교육단체","distance":"","id":"1016218934","phone":"1544-9001","place_name":"멀티캠퍼스 선릉","place_url":"http://place.map.kakao.com/1016218934","road_address_name":"서울 강남구 선릉로 428","x":"127.049874752633","y":"37.503354516625"},{"address_name":"서울 강남구 역삼동 701","category_group_code":"","category_group_name":"","category_name":"교육,학문 \u003e 교육단체","distance":"","id":"12644066","phone":"1544-9001","place_name":"멀티캠퍼스 본사","place_url":"http://place.map.kakao.com/12644066","road_address_name":"서울 강남구 언주로 508","x":"127.042677741697","y":"37.5039411875689"},{"address_name":"대구 달서구 두류동 494-2","category_group_code":"","category_group_name":"","category_name":"교육,학문 \u003e 직업전문교육","distance":"","id":"1264247063","phone":"053-628-2200","place_name":"한국멀티캠퍼스학원","place_url":"http://place.map.kakao.com/1264247063","road_address_name":"대구 달서구 달구벌대로 1698","x":"128.551569259433","y":"35.8551558119035"},{"address_name":"서울 성동구 성수동1가 656-787","category_group_code":"AC5","category_group_name":"학원","category_name":"교육,학문 \u003e 학원","distance":"","id":"8508734","phone":"","place_name":"한솔멀티캠퍼스","place_url":"http://place.map.kakao.com/8508734","road_address_name":"서울 성동구 왕십리로14가길 12","x":"127.045066750857","y":"37.549790487264"},{"address_name":"경남 창원시 의창구 서상동 324","category_group_code":"","category_group_name":"","category_name":"교육,학문 \u003e 유아교육","distance":"","id":"15589923","phone":"070-4200-0522","place_name":"새창원멀티캠퍼스","place_url":"http://place.map.kakao.com/15589923","road_address_name":"경남 창원시 의창구 천주로12번길 5-22","x":"128.61865134097","y":"35.2634192706813"},{"address_name":"서울 마포구 구수동 25","category_group_code":"","category_group_name":"","category_name":"교육,학문","distance":"","id":"16055888","phone":"","place_name":"한솔멀티캠퍼스","place_url":"http://place.map.kakao.com/16055888","road_address_name":"서울 마포구 토정로 199","x":"126.933372338485","y":"37.5455528038866"},{"address_name":"인천 부평구 부평동 199-24","category_group_code":"AC5","category_group_name":"학원","category_name":"교육,학문 \u003e 학원 \u003e 컴퓨터학원","distance":"","id":"16651039","phone":"","place_name":"부평IT멀티캠퍼스학원","place_url":"http://place.map.kakao.com/16651039","road_address_name":"인천 부평구 부평대로 26","x":"126.723293040193","y":"37.4937498144799"},{"address_name":"충남 홍성군 홍성읍 옥암리 992","category_group_code":"AC5","category_group_name":"학원","category_name":"교육,학문 \u003e 학원 \u003e 어학원 \u003e 영어학원","distance":"","id":"866596235","phone":"041-634-4357","place_name":"로제타스톤 한빛멀티캠퍼스","place_url":"http://place.map.kakao.com/866596235","road_address_name":"충남 홍성군 홍성읍 내포로146번길 18-21","x":"126.655160655988","y":"36.5960245673195"},{"address_name":"전남 순천시 조례동 435-2","category_group_code":"","category_group_name":"","category_name":"교육,학문 \u003e 학교 \u003e 전문대학","distance":"","id":"8132666","phone":"061-721-0300","place_name":"한국폴리텍대학 순천캠퍼스","place_url":"http://place.map.kakao.com/8132666","road_address_name":"전남 순천시 기적의도서관1길 41","x":"127.52566917497278","y":"34.95237096315966"},{"address_name":"서울 강남구 역삼동 826-27","category_group_code":"AC5","category_group_name":"학원","category_name":"교육,학문 \u003e 학원 \u003e 컴퓨터학원","distance":"","id":"518168733","phone":"02-3673-3200","place_name":"KG아이티뱅크 강남학원","place_url":"http://place.map.kakao.com/518168733","road_address_name":"서울 강남구 강남대로84길 16","x":"127.03002396821812","y":"37.4966883787394"},{"address_name":"서울 종로구 묘동 56","category_group_code":"AC5","category_group_name":"학원","category_name":"교육,학문 \u003e 학원 \u003e 컴퓨터학원","distance":"","id":"26886911","phone":"02-3672-6900","place_name":"KG아이티뱅크 본점","place_url":"http://place.map.kakao.com/26886911","road_address_name":"서울 종로구 돈화문로 26","x":"126.99252673953443","y":"37.57101912964004"},{"address_name":"서울 구로구 구로동 606-4","category_group_code":"AC5","category_group_name":"학원","category_name":"교육,학문 \u003e 학원 \u003e 컴퓨터학원","distance":"","id":"12255298","phone":"02-3667-0008","place_name":"하이미디어컴퓨터학원 구로점","place_url":"http://place.map.kakao.com/12255298","road_address_name":"서울 구로구 경인로 557","x":"126.878993455547","y":"37.5032201757987"},{"address_name":"부산 해운대구 우동 1510","category_group_code":"AC5","category_group_name":"학원","category_name":"교육,학문 \u003e 학원 \u003e 컴퓨터학원","distance":"","id":"504371931","phone":"051-744-7799","place_name":"KG에듀원 아이티뱅크 부산점","place_url":"http://place.map.kakao.com/504371931","road_address_name":"부산 해운대구 센텀2로 25","x":"129.13294933150723","y":"35.166935598455666"},{"address_name":"서울 종로구 묘동 56","category_group_code":"AC5","category_group_name":"학원","category_name":"교육,학문 \u003e 학원","distance":"","id":"1569754834","phone":"02-3672-4500","place_name":"KG인테리어뱅크 디자인학원","place_url":"http://place.map.kakao.com/1569754834","road_address_name":"서울 종로구 돈화문로 26","x":"126.99252673953443","y":"37.57101912964004"}],"meta":{"is_end":false,"pageable_count":17,"same_name":{"keyword":"멀티캠퍼스","region":[],"selected_region":""},"total_count":17}}